{
  "metadata": {
    "timestamp": "2026-01-26T14:41:46.710894"
  },
  "comparisons": {
    "nano": {
      "config": {
        "n_layer": 3,
        "n_head": 3,
        "n_embd": 48
      },
      "mingpt": {
        "mean_ms": 0.870466560125351,
        "std_ms": 0.42592296467689006,
        "min_ms": 0.6998080015182495,
        "max_ms": 3.3687360286712646
      },
      "cutile": {
        "mean_ms": 1.328967683315277,
        "std_ms": 0.26524529450163203,
        "min_ms": 1.2320640087127686,
        "max_ms": 3.1079680919647217
      },
      "speedup": 0.6549945277479303,
      "batch_size": 4,
      "seq_len": 64,
      "fused_mlp": true
    },
    "micro": {
      "config": {
        "n_layer": 4,
        "n_head": 4,
        "n_embd": 128
      },
      "mingpt": {
        "mean_ms": 1.555322871208191,
        "std_ms": 0.4217666615179298,
        "min_ms": 1.272063970565796,
        "max_ms": 2.9614720344543457
      },
      "cutile": {
        "mean_ms": 3.5133862352371215,
        "std_ms": 0.2241141883822444,
        "min_ms": 3.3829119205474854,
        "max_ms": 4.41871976852417
      },
      "speedup": 0.44268485360625914,
      "batch_size": 4,
      "seq_len": 64,
      "fused_mlp": true
    },
    "mini": {
      "config": {
        "n_layer": 6,
        "n_head": 6,
        "n_embd": 192
      },
      "mingpt": {
        "mean_ms": 2.355409274101257,
        "std_ms": 0.4733979755186513,
        "min_ms": 2.070688009262085,
        "max_ms": 4.390719890594482
      },
      "cutile": {
        "mean_ms": 10.929976959228515,
        "std_ms": 0.3603838482345582,
        "min_ms": 10.64022445678711,
        "max_ms": 11.821215629577637
      },
      "speedup": 0.21549993041042165,
      "batch_size": 4,
      "seq_len": 64,
      "fused_mlp": true
    },
    "tile-small": {
      "config": {
        "n_layer": 4,
        "n_head": 4,
        "n_embd": 64
      },
      "mingpt": {
        "mean_ms": 0.9181580829620362,
        "std_ms": 0.2864254561015907,
        "min_ms": 0.7578880190849304,
        "max_ms": 2.0687360763549805
      },
      "cutile": {
        "mean_ms": 1.5028723239898683,
        "std_ms": 0.09912169053445624,
        "min_ms": 1.3993279933929443,
        "max_ms": 1.8162879943847656
      },
      "speedup": 0.6109355188100636,
      "batch_size": 4,
      "seq_len": 64,
      "fused_mlp": true
    },
    "tile-medium": {
      "config": {
        "n_layer": 6,
        "n_head": 4,
        "n_embd": 128
      },
      "mingpt": {
        "mean_ms": 1.831989767551422,
        "std_ms": 0.4057730388382102,
        "min_ms": 1.5534720420837402,
        "max_ms": 3.349760055541992
      },
      "cutile": {
        "mean_ms": 4.732548522949219,
        "std_ms": 0.23371398222730916,
        "min_ms": 4.600319862365723,
        "max_ms": 5.486368179321289
      },
      "speedup": 0.387104275564779,
      "batch_size": 4,
      "seq_len": 64,
      "fused_mlp": true
    },
    "tile-large": {
      "config": {
        "n_layer": 8,
        "n_head": 8,
        "n_embd": 256
      },
      "mingpt": {
        "mean_ms": 3.021605758666992,
        "std_ms": 0.4109311380768147,
        "min_ms": 2.772320032119751,
        "max_ms": 4.616352081298828
      },
      "cutile": {
        "mean_ms": 28.18430400848389,
        "std_ms": 1.5684889621257192,
        "min_ms": 26.318559646606445,
        "max_ms": 31.82592010498047
      },
      "speedup": 0.10720881231473534,
      "batch_size": 4,
      "seq_len": 64,
      "fused_mlp": true
    }
  }
}