{
  "metadata": {
    "timestamp": "2026-01-26T14:56:21.406610",
    "cupy_version": "13.6.0",
    "cuda_version": "13000",
    "gpu_name": "NVIDIA GB10",
    "compute_capability": "12.1"
  },
  "benchmarks": {
    "gpt_nano": {
      "config": {
        "n_layer": 3,
        "n_head": 3,
        "n_embd": 48,
        "vocab_size": 50257
      },
      "timing": {
        "mean": 1.0319209623336791,
        "std": 0.1176793450809964,
        "min": 0.8449280261993408,
        "max": 1.4295040369033813,
        "median": 1.0353440046310425,
        "p95": 1.3039488554000855,
        "p99": 1.4012771558761599
      },
      "throughput_tokens_per_sec": 248081.0152563027,
      "batch_size": 4,
      "seq_len": 64
    },
    "gpt_micro": {
      "config": {
        "n_layer": 4,
        "n_head": 4,
        "n_embd": 128,
        "vocab_size": 50257
      },
      "timing": {
        "mean": 1.1386851233243942,
        "std": 0.12702295875692693,
        "min": 0.9796159863471985,
        "max": 1.534175992012024,
        "median": 1.11980801820755,
        "p95": 1.4548496067523957,
        "p99": 1.5260025930404664
      },
      "throughput_tokens_per_sec": 224820.71185105795,
      "batch_size": 4,
      "seq_len": 64
    },
    "gpt_mini": {
      "config": {
        "n_layer": 6,
        "n_head": 6,
        "n_embd": 192,
        "vocab_size": 50257
      },
      "timing": {
        "mean": 2.6742009592056273,
        "std": 0.37208788914402247,
        "min": 2.3744640350341797,
        "max": 4.213344097137451,
        "median": 2.4137279987335205,
        "p95": 3.18472797870636,
        "p99": 3.7282282733917262
      },
      "throughput_tokens_per_sec": 95729.52964464006,
      "batch_size": 4,
      "seq_len": 64
    },
    "gpt_tile_small": {
      "config": {
        "n_layer": 4,
        "n_head": 4,
        "n_embd": 64,
        "vocab_size": 50257
      },
      "timing": {
        "mean": 0.9557568025588989,
        "std": 0.1147200864558126,
        "min": 0.6983360052108765,
        "max": 1.5124479532241821,
        "median": 0.9539360105991364,
        "p95": 1.124390435218811,
        "p99": 1.3484406352043161
      },
      "throughput_tokens_per_sec": 267850.56545200356,
      "batch_size": 4,
      "seq_len": 64
    },
    "gpt_tile_medium": {
      "config": {
        "n_layer": 6,
        "n_head": 4,
        "n_embd": 128,
        "vocab_size": 50257
      },
      "timing": {
        "mean": 1.33975647687912,
        "std": 0.1046825812698169,
        "min": 1.1871039867401123,
        "max": 1.8353919982910156,
        "median": 1.3395999670028687,
        "p95": 1.5085072219371796,
        "p99": 1.8243673038482666
      },
      "throughput_tokens_per_sec": 191079.50169894772,
      "batch_size": 4,
      "seq_len": 64
    },
    "gpt_tile_large": {
      "config": {
        "n_layer": 8,
        "n_head": 8,
        "n_embd": 256,
        "vocab_size": 50257
      },
      "timing": {
        "mean": 2.634934070110321,
        "std": 0.41794583675631763,
        "min": 2.31548810005188,
        "max": 4.389855861663818,
        "median": 2.371583938598633,
        "p95": 3.163088119029998,
        "p99": 4.257560472488404
      },
      "throughput_tokens_per_sec": 97156.13111689039,
      "batch_size": 4,
      "seq_len": 64
    }
  }
}